UacLuaenable,997.0335107
IsBeta,364.9020519
Census_IsFlightsDisabled,315.5208357
Census_IsFlightingInternal,268.3870695
SMode,46.44564664
Census_IsPortableOperatingSystem,42.79237822
AVProductsEnabled,5.245079005
Census_OSBuildRevision,5.244467361
Census_ProcessorCoreCount,4.342226365
AVProductsInstalled,1.3396961
OrganizationIdentifier,1.168203939
Wdft_IsGamer,0.960305464
CountryIdentifier,0.153259986
Census_IsSecureBootEnabled,0.055930285
DefaultBrowsersIdentifier,0.002412594
HasDetections,0.000829235
CityIdentifier,-0.018758597
GeoNameIdentifier,-0.218018053
OsSuite,-0.509386304
Census_ProcessorModelIdentifier,-0.93926013
Census_OSBuildNumber,-1.884700448
OsBuild,-1.974444925
AVProductStatesIdentifier,-2.08010228
Census_ProcessorManufacturerIdentifier,-2.375828612
IsProtected,-3.930379689
Firewall,-6.611564377
HasTpm,-8.952375906
