x,x
-0.149625941,AVProductsInstalled
-0.062779786,Census_IsAlwaysOnAlwaysConnectedCapable
-0.051464413,Census_IsVirtualDevice
-0.04198462,AVProductsEnabled
-0.040410382,Census_IsTouchEnabled
-0.035065566,IsSxsPassiveMode
-0.02592376,Census_FirmwareManufacturerIdentifier
-0.022854909,Wdft_RegionIdentifier
-0.020300701,OsSuite
-0.017177116,Census_IsPenCapable
-0.01553652,Census_OEMNameIdentifier
-0.014536395,SMode
-0.009341626,Census_OSBuildRevision
-0.004512141,Census_OEMModelIdentifier
-0.002806965,Census_IsFlightsDisabled
-0.002282328,CityIdentifier
-0.002046617,Census_FirmwareVersionIdentifier
-0.002023058,DefaultBrowsersIdentifier
-0.001710968,Census_IsSecureBootEnabled
-0.000756826,Census_ThresholdOptIn
-0.000544834,Census_IsWIMBootEnabled
-0.000351148,UacLuaenable
-3.98E-05,IsBeta
0.000169714,Census_PrimaryDiskTotalCapacity
0.000502482,AutoSampleOptIn
0.000979867,Census_IsFlightingInternal
0.001785811,Census_OSUILocaleIdentifier
0.002497011,Census_IsPortableOperatingSystem
0.002546434,Census_OSInstallLanguageIdentifier
0.00303566,Firewall
0.003242723,OrganizationIdentifier
0.003975121,GeoNameIdentifier
0.005490073,HasTpm
0.00687302,Census_ProcessorManufacturerIdentifier
0.007098899,CountryIdentifier
0.013926752,Census_InternalPrimaryDisplayResolutionVertical
0.014481453,Census_SystemVolumeTotalCapacity
0.015574635,LocaleEnglishNameIdentifier
0.015907006,IeVerIdentifier
0.020147051,Census_InternalBatteryNumberOfCharges
0.020841531,Census_HasOpticalDiskDrive
0.022717195,Census_ProcessorModelIdentifier
0.02475427,OsBuild
0.029485529,Census_OSBuildNumber
0.031920356,Census_InternalPrimaryDisplayResolutionHorizontal
0.034242723,Census_InternalPrimaryDiagonalDisplaySizeInInches
0.04148565,RtpStateBitfield
0.05389064,Wdft_IsGamer
0.054299106,Census_ProcessorCoreCount
0.057045036,IsProtected
0.057068828,Census_TotalPhysicalRAM
0.117403898,AVProductStatesIdentifier
1,HasDetections
