col_name,null_val
PuaMode,0.999741355
Census_ProcessorClass,0.995890181
DefaultBrowsersIdentifier,0.951472465
Census_IsFlightingInternal,0.8303165
SmartScreen,0.355782153
OrganizationIdentifier,0.308346538
SMode,0.060195962
CityIdentifier,0.036470973
Wdft_IsGamer,0.03394635
Census_IsFlightsDisabled,0.017996759
Firewall,0.010247506
Census_ProcessorModelIdentifier,0.004630251
Census_ProcessorManufacturerIdentifier,0.004626885
Census_ProcessorCoreCount,0.0046261
AVProductStatesIdentifier,0.004052143
AVProductsInstalled,0.004052143
AVProductsEnabled,0.004052143
IsProtected,0.004032282
UacLuaenable,0.001215576
GeoNameIdentifier,2.39E-05
ProductName,0
EngineVersion,0
AppVersion,0
AvSigVersion,0
IsBeta,0
HasTpm,0
CountryIdentifier,0
Platform,0
Processor,0
OsVer,0
OsBuild,0
OsSuite,0
SkuEdition,0
Census_OSVersion,0
Census_OSArchitecture,0
Census_OSBranch,0
Census_OSBuildNumber,0
Census_OSBuildRevision,0
Census_OSEdition,0
Census_OSSkuName,0
Census_OSInstallTypeName,0
Census_OSWUAutoUpdateOptionsName,0
Census_IsPortableOperatingSystem,0
Census_GenuineStateName,0
Census_ActivationChannel,0
Census_FlightRing,0
Census_IsSecureBootEnabled,0
HasDetections,0
