column_namae,counts,
CityIdentifier,74667,
AVProductStatesIdentifier,19675,
AvSigVersion,8414,
Census_ProcessorModelIdentifier,2164,
Census_OSVersion,377,
GeoNameIdentifier,284,
Census_OSBuildRevision,249,
CountryIdentifier,215,
Census_OSBuildNumber,119,
AppVersion,101,
EngineVersion,68,
OsBuild,53,
OrganizationIdentifier,47,
OsVer,38,
Census_ProcessorCoreCount,33,
Census_OSEdition,24,
Census_OSSkuName,23,
SmartScreen,18,
Census_OSBranch,15,
Census_OSInstallTypeName,9,
Census_FlightRing,9,
SkuEdition,7,
AVProductsInstalled,7,
AVProductsEnabled,6,
Census_ProcessorManufacturerIdentifier,5,
Census_ActivationChannel,5,
OsSuite,5,3 variables with less counts
Census_OSWUAutoUpdateOptionsName,5,
Census_GenuineStateName,4,
Census_OSArchitecture,3,
Processor,3,Can remove arm64
Platform,3,
ProductName,2,
Census_IsSecureBootEnabled,2,
Wdft_IsGamer,2,
Firewall,2,
IsProtected,2,
HasDetections,2,
